{
    "colorramps": [
        {
            "name": "Batimetria",
            "type": "preset",
            "colors": [
                "255,255,255,255",
                "247,252,255,255",
                "235,248,254,255",
                "219,241,252,255",
                "203,236,253,255",
                "188,230,252,255",
                "0-199",
                "200-999",
                "1000-1999",
                "2000-2999",
                "3000-3999",
                "4000-7500",
                "preset"
            ]
        },
        {
            "name": "Categ\u00f3rico_1_3Intervalos",
            "type": "preset",
            "colors": [
                "95,164,140,255",
                "225,138,215,255",
                "165,144,255,255",
                "1",
                "2",
                "3",
                "preset"
            ]
        },
        {
            "name": "Categ\u00f3rico_1_4Intervalos",
            "type": "preset",
            "colors": [
                "95,164,140,255",
                "225,138,215,255",
                "165,144,255,255",
                "248,167,116,255",
                "1",
                "2",
                "3",
                "4",
                "preset"
            ]
        },
        {
            "name": "Categ\u00f3rico_1_5Intervalos",
            "type": "preset",
            "colors": [
                "95,164,140,255",
                "225,138,215,255",
                "165,144,255,255",
                "248,167,116,255",
                "158,229,141,255",
                "1",
                "2",
                "3",
                "4",
                "5",
                "preset"
            ]
        },
        {
            "name": "Categ\u00f3rico_1_6Intervalos",
            "type": "preset",
            "colors": [
                "95,164,140,255",
                "225,138,215,255",
                "165,144,255,255",
                "248,167,116,255",
                "158,229,141,255",
                "235,144,140,255",
                "1",
                "2",
                "3",
                "4",
                "5",
                "6",
                "preset"
            ]
        },
        {
            "name": "Divergente_1_3Intervalos",
            "type": "preset",
            "colors": [
                "65,145,119,255",
                "164,204,190,255",
                "255,198,68,255",
                "1",
                "2",
                "3",
                "preset"
            ]
        },
        {
            "name": "Divergente_1_4Intervalos",
            "type": "preset",
            "colors": [
                "65,145,119,255",
                "164,204,190,255",
                "251,234,155,255",
                "255,198,68,255",
                "1",
                "2",
                "3",
                "4",
                "preset"
            ]
        },
        {
            "name": "Divergente_1_5Intervalos",
            "type": "preset",
            "colors": [
                "33,86,73,255",
                "65,145,119,255",
                "164,204,190,255",
                "251,234,155,255",
                "255,198,68,255",
                "1",
                "2",
                "3",
                "4",
                "5",
                "preset"
            ]
        },
        {
            "name": "Divergente_1_6Intervalos",
            "type": "preset",
            "colors": [
                "33,86,73,255",
                "65,145,119,255",
                "164,204,190,255",
                "251,234,155,255",
                "255,198,68,255",
                "208,130,0,255",
                "1",
                "2",
                "3",
                "4",
                "5",
                "6",
                "preset"
            ]
        },
        {
            "name": "Divergente_2_3Intervalos",
            "type": "preset",
            "colors": [
                "65,145,119,255",
                "164,204,190,255",
                "209,96,199,255",
                "1",
                "2",
                "3",
                "preset"
            ]
        },
        {
            "name": "Divergente_2_4Intervalos",
            "type": "preset",
            "colors": [
                "65,145,119,255",
                "164,204,190,255",
                "238,183,231,255",
                "209,96,199,255",
                "1",
                "2",
                "3",
                "4",
                "preset"
            ]
        },
        {
            "name": "Divergente_2_5Intervalos",
            "type": "preset",
            "colors": [
                "33,86,73,255",
                "65,145,119,255",
                "164,204,190,255",
                "238,183,231,255",
                "209,96,199,255",
                "1",
                "2",
                "3",
                "4",
                "5",
                "preset"
            ]
        },
        {
            "name": "Divergente_2_6Intervalos",
            "type": "preset",
            "colors": [
                "33,86,73,255",
                "65,145,119,255",
                "164,204,190,255",
                "238,183,231,255",
                "209,96,199,255",
                "159,37,120,255",
                "1",
                "2",
                "3",
                "4",
                "5",
                "6",
                "preset"
            ]
        },
        {
            "name": "Divergente_3_3Intervalos",
            "type": "preset",
            "colors": [
                "65,145,119,255",
                "255,198,68,255",
                "209,75,93,255",
                "1",
                "3",
                "2",
                "preset"
            ]
        },
        {
            "name": "Divergente_3_4Intervalos",
            "type": "preset",
            "colors": [
                "65,145,119,255",
                "255,198,68,255",
                "240,130,66,255",
                "209,75,93,255",
                "1",
                "2",
                "3",
                "4",
                "preset"
            ]
        },
        {
            "name": "Divergente_3_5Intervalos",
            "type": "preset",
            "colors": [
                "33,86,73,255",
                "65,145,119,255",
                "255,198,68,255",
                "240,130,66,255",
                "209,75,93,255",
                "1",
                "2",
                "3",
                "4",
                "5",
                "preset"
            ]
        },
        {
            "name": "Divergente_3_6Intervalos",
            "type": "preset",
            "colors": [
                "33,86,73,255",
                "65,145,119,255",
                "164,204,190,255",
                "255,198,68,255",
                "240,130,66,255",
                "209,75,93,255",
                "1",
                "2",
                "3",
                "4",
                "5",
                "6",
                "preset"
            ]
        },
        {
            "name": "Secuencial_1_3Intervalos",
            "type": "preset",
            "colors": [
                "33,86,73,255",
                "65,145,119,255",
                "164,204,190,255",
                "1",
                "2",
                "3",
                "preset"
            ]
        },
        {
            "name": "Secuencial_1_4Intervalos",
            "type": "preset",
            "colors": [
                "33,86,73,255",
                "44,125,104,255",
                "95,164,140,255",
                "164,204,190,255",
                "1",
                "2",
                "3",
                "4",
                "preset"
            ]
        },
        {
            "name": "Secuencial_1_5Intervalos",
            "type": "preset",
            "colors": [
                "33,86,73,255",
                "44,125,104,255",
                "65,145,119,255",
                "95,164,140,255",
                "164,204,190,255",
                "1",
                "2",
                "3",
                "4",
                "5",
                "preset"
            ]
        },
        {
            "name": "Secuencial_1_6Intervalos",
            "type": "preset",
            "colors": [
                "33,86,73,255",
                "44,125,104,255",
                "65,145,119,255",
                "95,164,140,255",
                "128,183,164,255",
                "164,204,190,255",
                "1",
                "2",
                "3",
                "4",
                "5",
                "6",
                "preset"
            ]
        },
        {
            "name": "Secuencial_2_3Intervalos",
            "type": "preset",
            "colors": [
                "159,37,120,255",
                "209,96,199,255",
                "250,221,246,255",
                "1",
                "2",
                "3",
                "preset"
            ]
        },
        {
            "name": "Secuencial_2_4Intervalos",
            "type": "preset",
            "colors": [
                "159,37,120,255",
                "209,96,199,255",
                "238,183,231,255",
                "250,221,246,255",
                "1",
                "2",
                "3",
                "4",
                "preset"
            ]
        },
        {
            "name": "Secuencial_2_5Intervalos",
            "type": "preset",
            "colors": [
                "159,37,120,255",
                "193,67,180,255",
                "209,96,199,255",
                "225,138,215,255",
                "238,183,231,255",
                "1",
                "2",
                "3",
                "4",
                "5",
                "preset"
            ]
        },
        {
            "name": "Secuencial_2_6Intervalos",
            "type": "preset",
            "colors": [
                "159,37,120,255",
                "193,67,180,255",
                "209,96,199,255",
                "225,138,215,255",
                "238,183,231,255",
                "250,221,246,255",
                "1",
                "2",
                "3",
                "4",
                "5",
                "6",
                "preset"
            ]
        },
        {
            "name": "Secuencial_3_3Intervalos",
            "type": "preset",
            "colors": [
                "99,66,255,255",
                "150,125,255,255",
                "216,206,255,255",
                "1",
                "2",
                "3",
                "preset"
            ]
        },
        {
            "name": "Secuencial_3_4Intervalos",
            "type": "preset",
            "colors": [
                "99,66,255,255",
                "133,104,255,255",
                "150,125,255,255",
                "194,179,255,255",
                "1",
                "2",
                "3",
                "4",
                "preset"
            ]
        },
        {
            "name": "Secuencial_3_5Intervalos",
            "type": "preset",
            "colors": [
                "99,66,255,255",
                "133,104,255,255",
                "150,125,255,255",
                "165,144,255,255",
                "216,206,255,255",
                "1",
                "2",
                "3",
                "4",
                "5",
                "preset"
            ]
        },
        {
            "name": "Secuencial_3_6Intervalos",
            "type": "preset",
            "colors": [
                "99,66,255,255",
                "133,104,255,255",
                "150,125,255,255",
                "165,144,255,255",
                "194,179,255,255",
                "216,206,255,255",
                "1",
                "2",
                "3",
                "4",
                "5",
                "6",
                "preset"
            ]
        },
        {
            "name": "Secuencial_4_3Intervalos",
            "type": "preset",
            "colors": [
                "183,47,5,255",
                "240,130,66,255",
                "255,231,216,255",
                "1",
                "2",
                "3",
                "preset"
            ]
        },
        {
            "name": "Secuencial_4_4Intervalos",
            "type": "preset",
            "colors": [
                "183,47,5,255",
                "226,108,59,255",
                "240,130,66,255",
                "253,204,168,255",
                "1",
                "2",
                "3",
                "4",
                "preset"
            ]
        },
        {
            "name": "Secuencial_4_5Intervalos",
            "type": "preset",
            "colors": [
                "183,47,5,255",
                "226,108,59,255",
                "240,130,66,255",
                "248,167,116,255",
                "253,204,168,255",
                "1",
                "2",
                "3",
                "4",
                "5",
                "preset"
            ]
        },
        {
            "name": "Secuencial_4_6Intervalos",
            "type": "preset",
            "colors": [
                "183,47,5,255",
                "226,108,59,255",
                "240,130,66,255",
                "248,167,116,255",
                "253,204,168,255",
                "255,231,216,255",
                "1",
                "2",
                "3",
                "4",
                "5",
                "6",
                "preset"
            ]
        }
    ]
}